Language,nx,nt,kvol,npx,npt,nthreads,Time,Trajectory Time
C,16,32,256,4,8,1,2732.337086,68.308427
C,16,32,512,4,4,1,1733.904308,43.347608
C,16,32,4096,2,4,1,14105.235249,352.630881
C,16,32,8192,2,2,1,22207.499857,555.187496
