Language,nx,nt,kvol,npx,npt,nthreads,Time,Trajectory Time
C,20,32,256,5,8,1,2719.484676,54.389694
Fort,20,32,256,1,6589.30036624707,131.786007324941     
C,16,32,256,4,8,1,2445.109725,48.902194
Fort,16,32,256,4,8,1,5133.52442234568,102.670488446914     
C,16,32,256,4,8,1,2732.337086,68.308427
C,16,32,512,4,4,1,1733.904308,43.347608
C,16,32,4096,2,4,1,14105.235249,352.630881
C,16,32,8192,2,2,1,22207.499857,555.187496
