Language,nx,nt,kvol,npx,npt,nthreads,Time,Trajectory Time
C,16,32,256,4,8,1,17210.672290,344.213446
C,16,32,512,4,4,1,3469.512303,115.650410
C,16,32,4096,2,4,1,46176.783198,1539.226107
C,16,32,8192,2,2,1,82582.923664,2752.764122
