Language,nx,nt,kvol,npx,npt,nthreads,Time,Trajectory Time
C,8,16,256,2,4,1,5534.894087,110.697882
C,12,16,256,3,4,1,13347.019856,266.940397
C,16,16,256,4,4,1,15777.314986,315.546300
C,16,32,256,4,8,1,17210.672290,344.213446
