Language,nx,nt,kvol,npx,npt,nthreads,Time,Trajectory Time
Fort,8,16,256,3,4,1,7462.44711165875,149.248942233175     
Fort,12,16,256,3,4,1,1545290144,315.3653355
Fort,16,16,256,4,4,1,19195.1734321937,383.903468643874     
Fort,16,32,256,4,8,1,11683.1091319062,389.436971063539     
